Categories,Hints
6,your phone number not contain letter or symbol other than - #
10,your headline is too short
14,invalid zip code
7,you must be at least taggedascd year of age
1,acceptable username is not less than taggedascd character
17,your chosen maximum salary is lower than your chosen minimum salary
12,date is too small
7,"taggedascd , taggedascd or more year"
6,not use blank space in username
9,specify your weight between taggedascd and taggedascd
1,please make sure the password you have entered are at least taggedascd character in length
15,confirm password does not match with password
14,seems like a wrong password
11,maximum letter limit exceeded
11,first name entered too long
1,your password needs to have at least taggedascd uppercase letter
11,your entry for the about field is too long
15,repeat password
3,taggedascd to taggedascd digit
16,input a different email
7,expiration date must be at least taggedascd day from today
8,selection under taggedascd kind
2,username s length should be shorter than taggedascd character
8,child no more than taggedascd year old
14,invalid email id
18,the phone number you entered is too short for the country
1,please enter a password that is at least taggedascd character long
4,last taggedascd phone number
2,username not more than taggedascd character
4,pin taggedascd digit
6,card number or card pin no space
10,please choose a longer username
16,account already exist with provided phone number
16,this username already taken
2,length less than taggedascd character
6,username must not contain any special character
11,your postcode is too long !
5,your username must have number
13,your date of birth indicates you are too old to use this app
2,password length less than taggedascd
1,password need to be at least taggedascd character long
6,please not use a whitespace in your username
10,username does not meet minimum requirement
8,child less than taggedascd year old
15,email address do not match
5,your username is only allowed to contain uppercase letter
16,this account has been taken
12,date is too small
17,your chosen maximum salary is lower than your chosen minimum salary
2,phone number within taggedascd character
16,account already exist
14,this pwd is too weak
6,name not start with numbering
3,your username must be between taggedascd and taggedascd character
2,title within taggedascd letter
11,please choose a shorter username
9,year range is taggedascd to taggedascd
9,week range taggedascd to taggedascd
13,maximum age limit exceeded
14,wrong e-mail address
10,username does not meet minimum requirement
8,child no more than taggedascd year old
2,first name no more than taggedascd letter
16,input a different email
9,age range taggedascd to taggedascd
16,please input a new account
7,your must be at least taggedascd year old
13,your date of birth indicates you are too old to use this app
13,the amount which you have specified exceed your limit
14,that s not the right code
10,your verify code is too short !
7,need at least taggedascd point to reedem
12,date is too small
9,delivery distance between taggedascd and taggedascd
1,password must be more than taggedascd character
3,username between taggedascd and taggedascd character
7,expiration date must be at least taggedascd day from today
6,"not contain , or -"
4,taggedascd uppercase
14,password with invalid length
7,height not more than taggedascd cm
11,password entered too long
6,username not special character
14,mailbox format error
15,password not match
9,specify your ideal weight between taggedascd and taggedascd
14,invalid age
4,taggedascd character password
11,first name entered too long
9,specify your ideal salary between taggedascd and taggedascd
8,height under taggedascd meter
1,password must have at least taggedascd character
15,entered email differ
17,your chosen maximum salary is lower than your chosen minimum salary
14,the mobile invalid
2,taggedascd or less length
8,choice under taggedascd kind
14,the phone number you entered not valid
17,your chosen minimum salary is higher than your chosen maximum salary
17,your chosen maximum salary is lower than your chosen minimum salary
4,last taggedascd digit of ssn
14,email address format is not correct
12,your date of birth indicates you are too young to use this app
18,the phone you entered is too long for the country
5,name may contain only letter or number
14,invalid credit card expiration date
11,zip entered too long
11,please shorten your password
6,name not start with numbering
2,must be taggedascd letter or less
15,two entered password inconsistent
4,please enter the taggedascd digit code
6,not use whitespace in password
1,please make sure it s at least taggedascd character
15,confirm password and password do not match
17,your chosen maximum salary is lower than your chosen minimum salary
17,your chosen maximum salary is lower than your chosen minimum salary
4,enter taggedascd digit verification code
14,you have entered an invalid verification code
9,year range taggedascd to taggedascd
7,height not more than taggedascd cm
3,taggedascd to taggedascd character long
17,your chosen minimum salary is higher than your chosen maximum salary
15,email must match
15,repeat password
8,not older than taggedascd year old
4,zipcode taggedascd digit
9,specify weight between taggedascd and taggedascd
12,father s or mother s age is too low
14,please enter a valid mobile number
17,your chosen maximum salary is lower than your chosen minimum salary
13,the amount which you have specified exceed your limit
17,your chosen minimum salary is higher than your chosen maximum salary
15,the pin you entered do not match
9,specify your age between taggedascd and taggedascd
10,password does not meet minimum requirement
14,enter a valid e-mail address
14,please enter valid email id
3,the username must hace between taggedascd and taggedascd character
13,maximum age limit exceeded
13,date is too big
1,password has to be at least taggedascd charactes
12,you are too young to use this app
9,expiration year must be between taggedascd and taggedascd !
9,age range taggedascd to taggedascd
3,password using taggedascd - taggedascd alphanumeric letter
18,Please make sure to enter a valid phone number for your selected region
8,selection under taggedascd kind
14,please check your email address format
5,the code only contains digit
14,something went wrong !
10,username does not meet minimal requirement
17,your chosen minimum salary is higher than your chosen maximum salary
4,enter last taggedascd phone
14,please enter a more secure password
3,enter at least taggedascd and not more than taggedascd character
18,the phone you entered is too long for the country
14,the invitation code is invalid
1,your password should have at least taggedascd capital letter
2,not more than taggedascd character
2,choose taggedascd digit or less
14,registration code not be found
4,payment card number taggedascd digit
18,Please make sure to enter a valid phone number for your selected region
11,your password is too long !
18,Please make sure to enter a valid phone number for your selected region
16,you have entered a already exist account
15,the e-mail addresses you entered do not match
9,expiration month must be between taggedascd and taggedascd !
1,at least taggedascd character are required
14,invalid mobile number format
2,taggedascd number limited
14,invalid digit count
3,password must be from taggedascd to taggedascd character long
10,is too short
11,your input for the about field is too long
16,account already registered
8,height under taggedascd centimeter
7,quantity must be taggedascd or more
13,date is too big
14,pleae enter a valid email address
2,choose first and last name within taggedascd letter each
14,please enter your date of Date
5,your username is only allowed to contain number
13,date is too big
14,user name is invalid
18,the phone number you entered is too long for the country
17,your chosen minimum salary is higher than your chosen maximum salary
10,too short
12,your date of birth indicates you are too young to use this app
18,phone number entered is too long for the country
11,your input for the about field is too long
14,the email address is not valid
18,phone number entered is too long for the country
14,invalid registration code
9,expiration day between taggedascd and taggedascd
3,password should use taggedascd - taggedascd character
5,the id only contains digit
4,taggedascd lower character
9,month range is taggedascd to taggedascd
1,your password must have taggedascd + character
17,your chosen minimum salary is higher than your chosen maximum salary
17,your chosen minimum salary is higher than your chosen maximum salary
14,valid email is required
18,the phone number you entered is too short for the country
1,enter at least taggedascd character password
8,age should not bigger than taggedascd
15,password not matched
11,please shorten your password
4,enter taggedascd word
5,login can only contain letter and number
1,the password you provided must have at least taggedascd character
1,password taggedascd or more character
5,your username must have uppercase letter
6,password no sepcial character
1,password should have more than taggedascd character
14,your password is case sensitive
18,the phone you entered is too long for the country
3,password between taggedascd and taggedascd digit long
7,expiration date must be at least taggedascd day from today
14,unauthorized account
3,your password must be taggedascd - taggedascd character long
12,you are too young to use this app
10,your username is a little short !
10,enter a longer password
14,password not strong enough
12,date is too small
16,your account is already registered
5,nick may contain only letter or number
16,account already exist
2,last name not more than taggedascd number
18,phone number entered is too long for the country
16,you have entered a already exist account
3,enter username between taggedascd - taggedascd digit
8,your age should under taggedascd year old
3,between taggedascd - taggedascd digit
5,your username is only allowed to contain upper case letter
16,account exist
14,an invalid character has been entered
8,selection under taggedascd type
14,email is not a valid email address
11,post code entered too long
16,account already in use
7,child should be up to taggedascd year old
5,your username must have digit
8,age smaller than taggedascd is acceptable
1,at least taggedascd character long
15,please repeat
2,length within taggedascd number
8,selection under taggedascd kind
15,please make sure the email address you entered match
14,the code you entered is not valid
17,your chosen minimum salary is higher than your chosen maximum salary
15,two inputed email must equal
16,you have entered a already exist account
9,day range is taggedascd to taggedascd
13,date is too big
13,your date of birth indicates you are too old to use this app
13,your date of birth indicates you are too old to use this app
10,username is toot short
4,taggedascd number
8,selection within taggedascd type
5,only use uppercase letter
13,your date of birth indicates you are too old to use this app
4,taggedascd uppercase character
6,username not contain space
17,your chosen maximum salary is lower than your chosen minimum salary
5,your username is only allowed to contain uppercase character
15,input passcode twice
9,size between taggedascd and taggedascd
3,taggedascd to taggedascd digit long
4,taggedascd bit
17,your chosen maximum salary is lower than your chosen minimum salary
1,number must be minimum taggedascd digit
17,your chosen maximum salary is lower than your chosen minimum salary
14,the password is not valid
16,please input another username
10,your password is too short !
1,be at least taggedascd character long
6,this field not be left blank
13,date is too big
13,maximum age limit exceeded
14,credit card number is not valid
11,the number of word you entered has exceeded the limit !
10,please choose a longer username
1,minimum pin length is taggedascd
17,your chosen maximum salary is lower than your chosen minimum salary
5,contains only letter
2,company within taggedascd character
14,the email is invalid
9,expiration day between taggedascd and taggedascd
5,only use lowercase letter
8,should be younger than taggedascd year old
3,enter taggedascd - taggedascd digit password
14,plese enter a valid zip code
17,your chosen minimum salary is higher than your chosen maximum salary
15,the e-mail address you entered do not match
11,username entered too long
3,password length between taggedascd and taggedascd
4,phone number taggedascd digit
1,minimum num for passcode length is taggedascd
3,choose username taggedascd to taggedascd character
4,your password must be taggedascd digit
16,this username already taken
14,the email field is not a valid e-mail address
6,username no special character
17,your chosen minimum salary is higher than your chosen maximum salary
11,your verify code is too long !
4,specify taggedascd word password
18,the phone number you entered is too short for the country
3,please enter between taggedascd and taggedascd character
10,is too short
4,confirmation code taggedascd number
8,selection under taggedascd type
4,taggedascd letter
14,invalid password confirmation
9,expiration day between taggedascd and taggedascd
15,confirm passcode
15,email address does not match
9,specify ideal weight between taggedascd and taggedascd
6,no space or other character are allowed
11,your zipcode is too long !
3,username between taggedascd and taggedascd digit
14,the email address is invalid
14,invalid phone number
18,the phone you entered is too long for the country
6,not contain special character
3,password taggedascd - taggedascd character long
5,please include an @ in the email address ubub is missing an @
14,the verification number you entered was not correct
14,seems like an invalid phone number
18,the phone you entered is too long for the country
15,email do not match
14,invalid e-ticket number
10,nickname is toot short
11,zip code entered too long
8,distance under taggedascd centimeter
12,father s or mother s age is too low
2,zipcode less than taggedascd character
9,specify ideal weight between taggedascd and taggedascd
16,the new code can not be consistent with the current code
14,the number you specified is invalid
3,your username should be between taggedascd and taggedascd character
14,invalid e-mail address
12,your date of birth indicates you are too young to use this app
8,age smaller than taggedascd is acceptable
14,your email seems to be invalid
14,invalid name
3,taggedascd - taggedascd character
2,length within taggedascd digit
16,the new password can not be consistent with the current password
8,choice within taggedascd type
13,the amount which you have specified exceed your limit
16,please input another username
9,specify ideal weight between taggedascd and taggedascd
14,the email address you have entered is invalid
12,father s or mother s age is too low
1,password must include at least taggedascd character
14,email is not a valid email
2,fill username within taggedascd letter
15,enter email again
11,zip code entered too long
6,no whitespaces
1,password must be more than taggedascd symbol
3,tag between taggedascd and taggedascd character
10,please use a longer one
10,your postcode is too short !
16,please input another username
2,phone length within taggedascd number
10,your text is a little short !
14,sd is not a valid email address
12,your date of birth indicates you are too young to use this app
14,invalid month
17,your chosen maximum salary is lower than your chosen minimum salary
2,credit card number no more than taggedascd digit
16,the new password can not be consistent with the current password
14,invalid verification code
14,invalid ssn
14,invalid social security number format
10,password is too short
14,password does not meet qualification
12,father s or mother s age is too low
9,expiration month must be between taggedascd and taggedascd !
14,enter email text
1,minimum pin is taggedascd digit
14,please enter a valid e-mail address
9,quantity range taggedascd to taggedascd
10,is too short
15,password confirmation does not match the password
14,phone number is required
12,your date of birth indicates you are too young to use this app
14,invalid library card
14,company email address are required
14,email address not valid
14,please enter a valid zip code
8,height under taggedascd centimeter
14,phone number is invalid
3,username must be between taggedascd and taggedascd character
15,please repeat
12,date is too small
11,please shorten it
8,taggedascd or less lesson
12,you are too young to use this app
14,password is invalid
17,your chosen minimum salary is higher than your chosen maximum salary
12,you are too young to use this app
13,maximum age limit exceeded
8,selection within taggedascd type
12,your date of birth indicates you are too young to use this app
13,date is too big
5,"only use latin character a-z , number , underscore , and dash -"
14,please enter a valid card number
17,your chosen minimum salary is higher than your chosen maximum salary
18,Please make sure to enter a valid phone number for your selected region
5,should have character
9,specify your weight between taggedascd and taggedascd
9,size between taggedascd and taggedascd
3,input city between taggedascd - taggedascd digit only
5,please enter userid using only number
12,your date of birth indicates you are too young to use this app
4,confirmation code taggedascd character
11,zip entered too long
10,your postcode is too short !
18,the phone number you entered is too short for the country
14,please provide a valid phone number !
12,your date of birth indicates you are too young to use this app
17,your chosen minimum salary is higher than your chosen maximum salary
2,about taggedascd digit limited
18,Please make sure to enter a valid phone number for your selected region
14,password error
17,your chosen minimum salary is higher than your chosen maximum salary
1,must be at least taggedascd character long
5,contains only number
1,at least taggedascd uppercase letter
12,your date of birth indicates you are too young to use this app
14,invalid country code
16,your account is already registered
5,country name can only include latin letter space are ok
11,please shorten it
17,your chosen minimum salary is higher than your chosen maximum salary
12,your date of birth indicates you are too young to use this app
10,your text is a little short !
2,no more than taggedascd character
11,postcode entered too long
9,specify your ideal salary between taggedascd and taggedascd
5,use only letter of the alphabet
10,card number is too short
14,username s length not valid
4,enter taggedascd digit zip code
6,username not space
4,password taggedascd digit
8,taggedascd or less lesson
13,maximum age limit exceeded
15,password and confirm password must match
7,you should be over taggerascd year old to continue
1,name must be at least taggedascd character long
4,enter last taggedascd digit ssn
5,your username is only allowed to contain upper case character
13,your date of birth indicates you are too old to use this app
2,length within taggedascd character
12,father s or mother s age is too low
14,invalid email format
5,only use lower case letter
15,the entered social security number do not match
4,taggedascd upper character
6,first name not special character
1,email length should be taggedascd or above
4,you need to define a taggedascd digit pin before continuing
13,the amount which you have specified exceed your limit
1,minimum password should be taggedascd letter
14,enter email text
16,the new code can not be consistent with the current code
5,name must contain only letter
14,you must provide a valid email
6,address not start with numbering
2,fill postcode within taggedascd number
14,your email domain seems to be invalid
12,your date of birth indicates you are too young to use this app
12,date is too small
14,invalid card number
5,city name can only include latin letter space are ok
12,you are too young to use this app
1,minimum email length should be taggedascd
12,father s or mother s age is too low
3,username have between taggedascd and taggedascd character
15,password and confirm password mismatch
5,name may contain only letter or number
6,not use blank space in password
10,username is toot short
9,age range is taggedascd to taggedascd
9,week range taggedascd to taggedascd
9,salary between taggedascd and taggedascd
15,password confirmation did not match
12,date is too small
14,please use valid email address
4,length must be taggedascd
17,your chosen maximum salary is lower than your chosen minimum salary
5,include your cvv if you not
2,taggedascd number or less
14,password unavailable
4,taggedascd digit
14,wrong phone number format
14,that s not a valid email address !
14,add a valid email
18,the phone number you entered is too long for the country
14,email must be valid
3,password taggedascd to taggedascd digit
14,enter a valid zip code
1,email should be minimum taggedascd
4,taggedascd digit on back of card
9,specify your height between taggedascd and taggedascd
2,phone within taggedascd character
17,your chosen minimum salary is higher than your chosen maximum salary
13,the amount which you have specified exceed your limit
17,your chosen minimum salary is higher than your chosen maximum salary
8,taggedascd or less chapter
13,your date of birth indicates you are too old to use this app
18,the phone you entered is too long for the country
17,your chosen maximum salary is lower than your chosen minimum salary
14,could not verify that code
7,us must be at least taggedascd year old
18,phone number entered is too long for the country
15,please make sure the password you entered match
10,password too short
11,your password is too long !
4,taggedascd digit verification code
5,should include digit in user id
11,your password is too long !
14,password is too weak
14,username is too common
3,the password length should be taggedascd - taggedascd character
9,specify your weight between taggedascd and taggedascd
13,maximum age limit exceeded
6,ssn no space or dash
6,no white space
17,your chosen maximum salary is lower than your chosen minimum salary
10,password does not meet minimal requirement
5,your password should only contain number and letter
15,does not match password confirm password
2,maximum taggedascd character
1,your password must be at least taggedascd character long
17,your chosen minimum salary is higher than your chosen maximum salary
12,you are too young to use this app
14,invalid routing number
14,log in failed
2,taggedascd character limit
12,your date of birth indicates you are too young to use this app
11,your message is too long !
7,you need to be at least taggedascd year old
14,please enter a valid e-mail
6,please not use a special character in your username
14,the email address entered was wrong
18,the phone number you entered is too long for the country
5,last name can only include latin letter space are ok
11,your text is a little long !
14,enter a valid card number
13,the amount which you have specified exceed your limit
14,unrecognized format
1,your password has to be at least taggedascd character long
10,please choose a longer username
12,date is too small
16,account already in use
5,please enter card number using only number
4,please enter a taggedascd digit zip code
9,specify your height between taggedascd and taggedascd
16,you have input an old passcode
9,specify weight between taggedascd and taggedascd
2,postcode within taggedascd number
5,only use number
12,father s or mother s age is too low
14,please enter a valid date of birth
16,account already registered
9,salary between taggedascd and taggedascd
2,title within taggedascd digit
4,zip code taggedascd digit long
3,please enter a password taggedascd - taggedascd character in length
3,password should be from taggedascd to taggedascd symbol
8,quantity taggedascd or less
14,invalid number
1,your password must be at least taggedascd character long !
16,please input another username
17,your chosen minimum salary is higher than your chosen maximum salary
5,only use latin character a-z
12,father s or mother s age is too low
10,card number is too short
12,you are too young to use this app
14,invalid cvc
10,your zipcode is too short !
10,username is too short
14,please enter a valid height value
2,taggedascd digit or less
1,at least taggedascd alphanumeric character
7,you must be at least taggedascd year old to use sugardaddymeet
17,your chosen maximum salary is lower than your chosen minimum salary
5,your account number must be all number
14,zip code is invalid
2,zipcode no more than taggedascd number
7,you should be over taggerascd year old to continue
14,look like that s not a valid phone number
1,minimum is taggedascd character
7,you must be at least taggedascd year of age
7,you need to be at least taggedascd year old
11,the number of character you entered has exceeded the limit !
3,last name between taggedascd and taggedascd digit
17,your chosen maximum salary is lower than your chosen minimum salary
16,account already registered
8,height not more than taggedascd cm
8,selection under taggedascd kind
4,taggedascd upper case
15,password confirmation does not match password
6,first name must not contain any special character
9,specify your height between taggedascd and taggedascd
12,your date of birth indicates you are too young to use this app
5,name may contain only letter or number
6,your password not contain any space
16,the new password can not be consistent with the current password
16,account already registered
2,username taggedascd character limit
9,year range is taggedascd to taggedascd
17,your chosen minimum salary is higher than your chosen maximum salary
8,your age should under taggedascd year old
15,password and confirm password inconsistent
7,child should be up to taggedascd year old
5,please include an @ in the email address k is missing an @
11,zip code entered too long
17,your chosen minimum salary is higher than your chosen maximum salary
14,voucher code error
5,contains only digit
3,between taggedascd - taggedascd character
14,invalid length
7,expiration date must be at least taggedascd day from today
8,wattpad allow user under taggedascd year old
3,card number should be between taggedascd and taggedascd character !
14,the password you ve entered is incorrect
12,date is too small
5,should include character in password
11,your password is too long !
13,your date of birth indicates you are too old to use this app
14,wrong format
17,your chosen maximum salary is lower than your chosen minimum salary
7,need at least taggedascd point to reedem
5,your password is only allowed to have number taggedascd through taggedascd
5,please include an @ in the email address vf is missing an @
13,the amount which you have specified exceed your limit
2,username no more than taggedascd character
17,your chosen minimum salary is higher than your chosen maximum salary
4,password taggedascd character
12,you are too young to use this app
14,invalid account
7,"taggedascd , taggedascd or more year"
6,with no space
15,enter secret key twice to confirm it
2,maximum taggedascd length
11,enter a shorter password
16,account exist
2,postcode within taggedascd digit
15,password must match password confirmation
5,the zip only contains number
9,expiration year must be between taggedascd and taggedascd !
16,this username already taken
1,email length should be greater than taggedascd
13,the amount which you have specified exceed your limit
18,the phone number you entered is too short for the country
14,please input a valid e-mail address
13,your date of birth indicates you are too old to use this app
9,salary between taggedascd and taggedascd
11,username entered too long
14,please enter a valid birth year
15,two provided password are not the same
7,you must be at least taggedascd year old to join hily
11,your input for the about field is too long
7,need at least taggedascd point to reedem
1,at least taggedascd capital letter
13,the amount which you have specified exceed your limit
1,password needs to be at least taggedascd character
14,please provide a valid credit card number !
2,fill first and last name within taggedascd letter each
16,account already registered
14,not a valid url
13,your date of birth indicates you are too old to use this app
5,use only character of the digit
2,username within taggedascd character
18,Please make sure to enter a valid phone number for your selected region
15,taggedascd password not match
2,taggedascd letter or less
14,please input valid value on the highlighted field
8,age less than taggedascd year old
14,phone number is not valid
1,use at least taggedascd character
4,taggedascd character password required
13,the amount which you have specified exceed your limit
15,password does not match
1,taggedascd digit or above
12,father s or mother s age is too low
10,the password you entered is too short
9,month range is taggedascd to taggedascd
14,valid email address is required
8,height under taggedascd meter
1,password should be more than taggedascd letter
4,please enter taggedascd digit country code
5,only use digit
3,tag must be between taggedascd and taggedascd character
8,distance under taggedascd centimeter
4,password must contain taggedascd digit
6,have no space or punctuation
1,password must be a minimum of taggedascd character
8,child no more than taggedascd year old
5,please include an @ in the email address vdg is missing an @
12,date is too small
4,taggedascd digit pin
11,last name entered too long
5,only use lowercase character
14,email is not valid
3,password taggedascd to taggedascd character
16,account already exist with provided phone number
9,delivery distance between taggedascd and taggedascd
16,this username already taken
5,please include an @ in the email address qq is missing an @ please enter a part following @ qq @ is incomplete
14,invalid e-mail address specified
6,no space
14,the first name entered is invalid
11,enter a shorter password
7,quantity must be taggedascd or more
3,password taggedascd to taggedascd digit long
4,enter taggedascd digit webinar id to join
1,minimum size is taggedascd
1,your password must be at least taggedascd character
11,please shorten your password
2,enter a unique username within taggedascd word
14,invalid geouid
13,your date of birth indicates you are too old to use this app
17,your chosen minimum salary is higher than your chosen maximum salary
13,your date of birth indicates you are too old to use this app
8,not older than taggedascd year old
12,your date of birth indicates you are too young to use this app
17,your chosen maximum salary is lower than your chosen minimum salary
6,card number no space
8,not older than taggedascd year old
14,enter password text
9,expiration year must be between taggedascd and taggedascd !
7,you need to be at least taggedascd year old
3,make sure your password is taggedascd to taggedascd character long
16,this username already taken
1,the username must be at least taggedascd character
5,your username is only allowed to contain letter
17,your chosen minimum salary is higher than your chosen maximum salary
18,the phone number you entered is too long for the country
10,password is too short
14,this not a valid phone number
5,your username is only allowed to have number taggedascd through taggedascd
2,cvv no more than taggedascd number
2,description no more than taggedascd letter
11,please shorten your password
4,enter phone number taggedascd digit
16,you have entered a already exist account
3,email between taggedascd and taggedascd digit
10,the password you entered is too short
17,your chosen minimum salary is higher than your chosen maximum salary
3,password needs to have taggedascd - taggedascd alphanumeric letter
1,password should be minimum of taggedascd character
11,your entry for the about field is too long
14,check credential you entered
4,taggedascd character username
6,no blank space
16,account already exist
14,account could not be verified
1,password needs to have at least taggedascd character
14,name is invalid
9,age range is taggedascd to taggedascd
17,your chosen maximum salary is lower than your chosen minimum salary
18,Please make sure to enter a valid phone number for your selected region
14,please enter a valid cvv code
14,error during the account creation
2,taggedascd character limited
5,your username is only allowed to contain special letter
6,no use whitespace in username
13,your date of birth indicates you are too old to use this app
13,the amount which you have specified exceed your limit
13,date is too big
10,username is toot short
7,you must be at least taggedascd year old to use dubsmash
14,the invite code is not valid
3,taggedascd - taggedascd alphanumeric character
14,your login is invalid
14,email address is not valid
18,the phone number you entered is too short for the country
10,your message is a little short !
9,age range taggedascd to taggedascd
15,taggedascd entered password are different
5,please enter username using only letter
10,please use a longer one
14,mobile num invalid
18,the phone you entered is too long for the country
6,not use blank space in username
9,delivery distance between taggedascd and taggedascd
10,please choose a longer nickname
1,your password must be at least taggedascd character in length
9,quantity range taggedascd to taggedascd
7,you must be at least taggedascd year of age
14,that email address not correct
4,the pin must have taggedascd character
6,last name not special character
7,you must be at least taggedascd year old to use sugardaddymeet
14,unrecognized
18,the phone you entered is too long for the country
14,display name is empty
7,you must be at least taggedascd year old to use sugardaddymeet
1,Password must contain atleast taggedascd character
13,maximum age limit exceeded
3,input taggedascd - taggedascd digit password
11,your postcode is too long !
18,the phone number you entered is too short for the country
9,specify weight between taggedascd and taggedascd
7,only allow user up to taggedascd
13,date is too big
7,only allow user up to taggedascd
13,the amount which you have specified exceed your limit
15,email not match
3,passcode should be from taggedascd to taggedascd number
5,your password is only allowed to have underscore
14,password is case-sensitive
6,address not contain taggedascd consecutive character
17,your chosen maximum salary is lower than your chosen minimum salary
1,just make sure it s at least taggedascd character
16,account already exist with provided phone number
14,username unavailable
12,father s or mother s age is too low
5,can only contain letter
1,minimum of taggedascd character
7,your must be at least taggedascd year old
17,your chosen minimum salary is higher than your chosen maximum salary
12,you are too young to use this app
14,promo is not valid
11,your verify code is too long !
14,wrong pin
6,not use whitespace in username
15,repeat your passcode
16,account exist
1,pin greater than taggedascd digit
8,taggedascd or less chapter
3,password taggedascd - taggedascd character
5,your username must have lower case letter
12,father s or mother s age is too low
6,no use blank space in username
18,the phone number you entered is too long for the country
16,input a different email
3,use taggedascd - taggedascd digit
18,Please make sure to enter a valid phone number for your selected region
12,you are too young to use this app
9,day range is taggedascd to taggedascd
8,age less than taggedascd year old
2,username less than taggedascd character
1,enter taggedascd or more digit
12,you are too young to use this app
14,please enter your date of Date
16,the new code can not be consistent with the current code
4,enter a valid taggedascd digit number
10,your postcode is too short !
14,qr code is wrong
5,only number and letter
1,password must be at least taggedascd character
14,invalid contact number
8,age should not bigger than taggedascd
14,pleasae enter valid phone number
10,password is too short
17,your chosen maximum salary is lower than your chosen minimum salary
16,please input a new account
3,nickname must be between taggedascd and taggedascd character
7,you must be taggedascd +
6,field not left blank
10,username does not meet minimal requirement
10,too short password
16,account already exist with provided phone number
12,date is too small
14,please enter your date of Date
4,need to define taggedascd digit pin continuing
14,this meeting id is not valid
12,date is too small
14,the email is not a valid email address
2,password within taggedascd character
3,enter between taggedascd and taggedascd digit
18,Please make sure to enter a valid phone number for your selected region
3,taggedascd - taggedascd character
9,specify ideal weight between taggedascd and taggedascd
11,the number of word you entered has exceeded the limit !
5,your name can only contain letter
8,child less than taggedascd year old
14,it look like that s not an actual email address
9,salary between taggedascd and taggedascd
9,year range is taggedascd to taggedascd
17,your chosen maximum salary is lower than your chosen minimum salary
5,password must contain character
17,your chosen minimum salary is higher than your chosen maximum salary
5,your password is only allowed to have letter a through z
1,name must contain atleast taggedascd character
4,taggedascd lowercase letter
7,height not more than taggedascd cm
14,invalid email address
16,input a different email
11,your message is a little long !
14,could not verify card number
14,password unavailable
15,password is not matched
12,your date of birth indicates you are too young to use this app
13,your date of birth indicates you are too old to use this app
2,username length less than taggedascd
8,distance under taggedascd kilometer
7,you must be at least taggedascd year old to join hily
16,please input another username
3,your password must be between taggedascd and taggedascd character
13,date is too big
11,password entered too long
15,password do not match
5,please include an @ in the email address zcbsf is missing an @
3,password taggedascd - taggedascd digit long
5,"please enter a part following @ , text is incomplete"
5,user name can only include latin letter space are ok
9,expiration year between taggedascd and taggedascd
2,enter zipcode within taggedascd digit
14,certificate error
6,password not contain sepcial letter
14,the email address you entered is invalid
18,the phone you entered is too long for the country
14,the code is incorrect
10,your verify code is too short !
14,please enter a valid email address to continue
4,please enter a taggedascd digit cvv
16,you have input an old passcode
12,you are too young to use this app
14,please enter a valid email
4,taggedascd lower case
14,your postcode not recognised
7,only allow user up to taggedascd
14,email id is invalid
3,input taggedascd - taggedascd character password
1,phone number must be at least taggedascd digit
14,wrong verification code
18,the phone number you entered is too long for the country
12,you are too young to use this app
14,credential are not valid
8,selection under taggedascd type
14,email is empty
1,your password must contain at least taggedascd character
1,password length should be at least taggedascd character
9,expiration year between taggedascd and taggedascd
3,taggedascd - taggedascd numeral
11,your text is a little long !
12,date is too small
11,the number of character you entered has exceeded the limit !
6,no white space
14,the last name entered is invalid
10,your password is too short !
3,password length must be taggedascd - taggedascd
10,please use a longer one
14,user with provided age is not allowed to join
12,you are too young to use this app
17,your chosen maximum salary is lower than your chosen minimum salary
3,password use taggedascd - taggedascd character
17,your chosen minimum salary is higher than your chosen maximum salary
16,this account has been taken
5,first name can only include latin letter
13,maximum age limit exceeded
6,with no space
13,date is too big
9,expiration month must be between taggedascd and taggedascd !
8,age smaller than taggedascd is acceptable
14,add a valid date
15,new password do not match
5,should include digit in username
14,verification code error
18,phone number entered is too long for the country
14,password is required
5,please include an @ in the email address f is missing an @
6,city not contain sepcial letter
6,not contain special character
14,password are case sensitive
2,length of pin should be fewer than taggedascd
7,height not more than taggedascd cm
14,please enter a valid phone number
12,you are too young to use this app
11,last name entered too long
1,your username must be at least taggedascd character
1,password must be taggedascd character or more
6,not use whitespace in password
6,no space or other character are allowed
13,the amount which you have specified exceed your limit
14,authentication has failed
14,the email address you entered does not seem to be valid
9,day range is taggedascd to taggedascd
7,quantity must be taggedascd or more
2,taggedascd digit limited
12,your date of birth indicates you are too young to use this app
9,quantity range taggedascd to taggedascd
6,password not sepcial letter
12,father s or mother s age is too low
13,date is too big
10,too short password
10,username too short
9,day range is taggedascd to taggedascd
16,account already in use
8,age should not bigger than taggedascd
10,please choose a longer nickname
11,maximum character limit exceeded
12,father s or mother s age is too low
18,the phone you entered is too long for the country
2,taggedascd digit limit
2,zip code less than taggedascd character
6,password not left blank
11,first name entered too long
16,you have entered a already exist account
10,card number is too short
14,pwd not strong enough
14,new password error
4,taggedascd digit after the prefix
14,email format is wrong
14,invalid first name
2,max length of Text is taggedascd symbol
1,your city must be at least taggedascd character long
12,father s or mother s age is too low
5,should include digit in password
15,the password confirmation does not match
15,does not match
4,payment card number should be taggedascd digit
6,username no special character
3,choose password taggedascd to taggedascd character
8,choice under taggedascd kind
14,invalid port
12,you are too young to use this app
3,password length between taggedascd - taggedascd digit
12,your date of birth indicates you are too young to use this app
14,incorrect validation code
14,error during the login
13,maximum age limit exceeded
14,invalid policy number
5,please enter zipcode using only digit
7,you should be over taggerascd year old to continue
7,you must be taggedascd +
11,maximum character limit exceeded
18,phone number entered is too long for the country
14,please enter a valid first name
5,destination can only include latin letter space are ok
15,your email do not match
4,please enter a taggedascd digit verify code
13,maximum age limit exceeded
6,please not use a special character in your username
10,your text is a little short !
8,child no more than taggedascd year old
14,this not a valid email
14,the email you have entered is invalid
1,your personal description should be at least taggedascd character long
14,your date of birth seems to be invalid
10,password is too short
12,father s or mother s age is too low
15,no matched code
14,look like that s not a valid email address
9,expiration month between taggedascd and taggedascd
6,"have no special character except # ,"
13,the amount which you have specified exceed your limit
4,enter a valid taggedascd digit pin number
11,zip entered too long
2,postcode less than taggedascd character
14,enter a valid email address
1,username must be minimum taggedascd letter
10,username is too short
15,your password do not match
7,only allow user up to taggedascd
14,please enter valid date
9,specify your ideal salary between taggedascd and taggedascd
11,your entry for the about field is too long
5,please include an @ in the email address gh is missing an @
7,quantity must be taggedascd or more
18,the phone you entered is too long for the country
14,please enter valid email address
14,b is not a valid email address
2,zip less than taggedascd character
13,date is too big
14,login failed with entered credential
18,the phone you entered is too long for the country
3,between taggedascd to taggedascd character
4,taggedascd uppercase letter
3,taggedascd - taggedascd digit
17,your chosen minimum salary is higher than your chosen maximum salary
9,age range is taggedascd to taggedascd
3,password between taggedascd and taggedascd character
10,your message is too short !
5,nick name may contain only letter or number
6,no use blank space in username
14,login failed
1,more than taggedascd number
2,password s length should be shorter than taggedascd character
1,password should be minimum taggedascd character
2,taggedascd character maximum
14,email address is invalid
12,you are too young to use this app
15,the info you entered not match our record
18,the phone you entered is too long for the country
6,password no taggedascd consecutive character
14,email error
17,your chosen minimum salary is higher than your chosen maximum salary
1,minimum taggedascd character password is acceptable
18,the phone number you entered is too short for the country
14,your phone number is wrong
4,include taggedascd number
4,taggedascd digit code
5,your username must have lowercase letter
7,you must be at least taggedascd year old to use dubsmash
11,last name entered too long
3,please input city between taggedascd - taggedascd character only
6,card number no space
9,quantity range taggedascd to taggedascd
2,title within taggedascd number
5,digit is needed in password
2,description not more than taggedascd letter
14,it looks like you entered an invalid social security number
10,your headline is too short
13,the amount which you have specified exceed your limit
10,your postcode is too short !
8,distance under taggedascd meter
16,you have input an old passcode
3,user id must be between taggedascd and taggedascd character
18,the phone number you entered is too long for the country
16,account already exist
6,password no sepcial letter
15,our record not match the information you provided
18,the phone number you entered is too long for the country
1,must be at least taggedascd character
1,passcode length not be less than taggedascd
17,your chosen minimum salary is higher than your chosen maximum salary
3,password between taggedascd and taggedascd digit
16,this username already taken
13,maximum age limit exceeded
13,maximum age limit exceeded
8,age less than taggedascd year old
14,provide a valid e-mail
9,age range taggedascd to taggedascd
3,card number between taggedascd and taggedascd character
10,password does not meet minimal requirement
11,postcode entered too long
6,password no taggedascd consecutive character
17,your chosen maximum salary is lower than your chosen minimum salary
18,the phone you entered is too long for the country
2,taggedascd length limit
10,your message is too short !
3,user id between taggedascd to taggedascd character
13,your date of birth indicates you are too old to use this app
8,choice within taggedascd type
3,password must be between taggedascd and taggedascd character
4,username must contain taggedascd digit
4,enter taggedascd digit zipcode
11,password exceed maximum requirement
16,you have entered a already exist account
9,delivery distance between taggedascd and taggedascd
6,it should not contain the same character taggedascd time in a row
1,whatsapp number must be at least taggedascd character
3,must be between taggedascd and taggedascd in length
1,more than taggedascd character
14,please check your email format
4,enter your taggedascd digit zipcode
4,a new taggedascd character address is required
5,please try a combination of letter and number
10,your pasword is too short
4,taggedascd digit back card
1,please enter a password that has a minimum of taggedascd character
6,your phone number not contain letter or symbol other than - #
8,selection within taggedascd type
14,authentication failed
14,the phone number is invalid
12,date is too small
17,your chosen maximum salary is lower than your chosen minimum salary
18,the phone number you entered is too short for the country
12,your date of birth indicates you are too young to use this app
11,password entered too long
11,please shorten it
8,selection within taggedascd type
13,your date of birth indicates you are too old to use this app
17,your chosen minimum salary is higher than your chosen maximum salary
6,excluding the year
14,not a valid email address
5,your postal code must be all digit
12,your date of birth indicates you are too young to use this app
4,social security number should be taggedascd digit
17,your chosen maximum salary is lower than your chosen minimum salary
14,invalid answer
7,your must be at least taggedascd year old
6,no use whitespace in password
14,please type in a valid e-mail address
9,specify your height between taggedascd and taggedascd
14,please enter a valid email address
1,taggedascd or more character
6,username not left blank
3,must be taggedascd to taggedascd character long
18,the phone number you entered is too short for the country
9,expiration month between taggedascd and taggedascd
9,year range is taggedascd to taggedascd
14,the passcode is not correct
17,your chosen minimum salary is higher than your chosen maximum salary
18,phone number entered is too long for the country
9,year range is taggedascd to taggedascd
10,your pasword is too short
5,your username is only allowed to have certain accented character
8,should be younger than taggedascd year old
6,username not contain space
8,distance under taggedascd kilometer
9,expiration month between taggedascd and taggedascd
3,please enter taggedascd - taggedascd character as your password
17,your chosen maximum salary is lower than your chosen minimum salary
5,your password must have capital letter
13,date is too big
16,input a different email
14,something s wrong with your email address
6,password not sepcial character
14,this pwd is used too frequently
10,password does not meet minimum requirement
11,your text is a little long !
9,specify your age between taggedascd and taggedascd
18,the phone number you entered is too long for the country
8,quantity taggedascd or less
14,invalid event id
4,password must be taggedascd character
7,need at least taggedascd point to reedem
10,your pasword is too short
9,week range taggedascd to taggedascd
2,taggedascd character or less
12,father s or mother s age is too low
11,your input for the about field is too long
14,field is required
11,maximum letter limit exceeded
14,this field is invalid
17,your chosen maximum salary is lower than your chosen minimum salary
3,enter password taggedascd - taggedascd digit
3,password length must be between taggedascd and taggedascd character
6,username not left blank
14,error verification code
14,please enter a valid username
5,only letter and number are authorized
15,the new password you have entered do not match
10,enter a longer password
2,fill taggedascd number or less
4,taggedascd uppercase case
9,expiration year must be between taggedascd and taggedascd !
17,your chosen minimum salary is higher than your chosen maximum salary
2,length within taggedascd letter
9,quantity range taggedascd to taggedascd
17,your chosen minimum salary is higher than your chosen maximum salary
16,you have input an old passcode
3,last name between taggedascd and taggedascd character
4,please enter a taggedascd digit phone number
3,password must be taggedascd - taggedascd character
8,height under taggedascd kilometer
8,child less than taggedascd year old
4,atm card number taggedascd digit
6,city not contain sepcial letter
17,your chosen minimum salary is higher than your chosen maximum salary
3,input at least taggedascd and not more than taggedascd character
7,you must be at least taggedascd year old to use dubsmash
7,make sure you are over taggedascd
3,between taggedascd and taggedascd length
13,maximum age limit exceeded
15,code does not match
3,password length taggedascd - taggedascd
15,the verify code do not match
16,this account has been taken
2,card number taggedascd digit limit
18,the phone number you entered is too long for the country
3,taggedascd - taggedascd character required
6,last name must not contain any special character
5,first name can only include latin letter space are ok
1,it must be at least taggedascd character long
14,the email address you entered was incorrect
14,is invalid
14,this password is used too frequently
11,post code entered too long
2,text taggedascd letter limit
2,confirm your adress within taggedascd letter
2,input username within taggedascd character
8,choice under taggedascd kind
12,date is too small
10,is too short
17,your chosen minimum salary is higher than your chosen maximum salary
16,account exist
13,the amount which you have specified exceed your limit
14,invalid year
8,height under taggedascd kilometer
14,invalid last name
8,distance under taggedascd meter
1,please choose a password with a minimum of taggedascd character
3,password length between taggedascd - taggedascd character
1,password should be at least taggedascd digit
2,not more than taggedascd digit
2,username taggedascd word limited
15,email must be the same
5,the name only contains letter
16,account already registered
2,zip code within taggedascd number
8,height under taggedascd kilometer
18,phone number entered is too long for the country
18,phone number entered is too long for the country
2,password length fewer than taggedascd
3,password must be between taggedascd and taggedascd character !
8,your age should under taggedascd year old
8,wattpad allow user under taggedascd year old
16,your account is already registered
6,no use whitespace in password
18,phone number entered is too long for the country
5,only use blank space
14,this email is invalid
12,you are too young to use this app
18,Please make sure to enter a valid phone number for your selected region
16,the new password can not be consistent with the current password
1,password should be at least taggedascd character
7,make sure you are over taggedascd
14,your email address must be a valid email
14,password does not meet system requirement
8,not older than taggedascd year old
17,your chosen maximum salary is lower than your chosen minimum salary
3,password taggedascd to taggedascd character long
5,username can only include latin letter space are ok
5,nick name may contain only letter or number
7,us must be at least taggedascd year old
4,a new taggedascd digit pin is required
14,username unavailable
4,passcode must have taggedascd digit
17,your chosen maximum salary is lower than your chosen minimum salary
4,must be taggedascd digit
9,specify your weight between taggedascd and taggedascd
5,please include an @ in the email address vg is missing an @
12,your date of birth indicates you are too young to use this app
4,taggedascd character
14,q is not a valid email address
16,account already exist
3,password taggedascd - taggedascd alphanumeric letter
15,password must match
12,you are too young to use this app
7,us must be at least taggedascd year old
18,the phone number you entered is too long for the country
6,"have no special character except # ,"
16,account exist
18,the phone number you entered is too short for the country
2,taggedascd letter limit
3,choose a username with taggedascd to taggedascd character
9,specify your age between taggedascd and taggedascd
18,Please make sure to enter a valid phone number for your selected region
10,the password you entered is too short
15,passcode mismatch
12,you are too young to use this app
4,username taggedascd character
8,distance under taggedascd centimeter
10,your zipcode is too short !
10,username is toot short
1,minimum taggedascd character
14,incorrect code
10,your text is a little short !
2,phone within taggedascd number
12,father s or mother s age is too low
14,something went wrong
14,invalid date
11,your message is too long !
10,username does not meet minimal requirement
17,your chosen maximum salary is lower than your chosen minimum salary
12,date is too small
6,password not taggedascd consecutive character
14,please choose a more secure pwd
8,choice under taggedascd type
18,Please make sure to enter a valid phone number for your selected region
1,should have taggedascd character or more
3,password length taggedascd - taggedascd digit
14,wrong credential
1,type at least taggedascd letter in the search box
5,use only number
16,the new password can not be consistent with the current password
3,email between taggedascd and taggedascd character
13,date is too big
5,your password must have number
11,maximum letter limit exceeded
14,pwd does not meet qualification
14,it looks like you entered the wrong info
13,the amount which you have specified exceed your limit
14,not a valid full name
16,please input a new account
13,the amount which you have specified exceed your limit
18,the phone number you entered is too long for the country
18,the phone you entered is too long for the country
16,input a different email
11,maximum character limit exceeded
12,date is too small
6,no use whitespace in username
1,username must have at least taggedascd character
14,wrong address format
18,the phone you entered is too long for the country
5,please include an @ in the email address
14,this address is not valid
14,contact number is not valid
5,your username is only allowed to have letter a through z
10,your verify code is too short !
9,expiration month between taggedascd and taggedascd
15,the email you entered do not match
1,this has to be at least taggedascd character long
1,your username must be at least taggedascd character long
14,street address is required
18,Please make sure to enter a valid phone number for your selected region
2,taggedascd or less symbol
9,year range taggedascd to taggedascd
17,your chosen maximum salary is lower than your chosen minimum salary
3,password taggedascd - taggedascd digit
8,choice under taggedascd type
7,quantity must be taggedascd or more
16,this account has been taken
18,Please make sure to enter a valid phone number for your selected region
15,password entry must match
18,phone number entered is too long for the country
4,enter valid taggedascd digit zip code
18,the phone number you entered is too short for the country
1,please enter at least taggedascd character
15,password and duplicate password do not match
17,your chosen maximum salary is lower than your chosen minimum salary
12,your date of birth indicates you are too young to use this app
3,enter at least taggedascd and not more than taggedascd digit
12,date is too small
14,please enter a valid area code to continue
8,taggedascd or less chapter
6,"not contain , or -"
1,sure your password more taggedascd
9,day range is taggedascd to taggedascd
6,not contain symbol or special character
5,your username must have upper case letter
10,username is too short
14,email address error
15,password miss match
11,your zipcode is too long !
7,you need to be at least taggedascd year old
17,your chosen minimum salary is higher than your chosen maximum salary
11,the number of character you entered has exceeded the limit !
14,invalid email address entered
12,you are too young to use this app
14,wrong password
14,your booking reference is invalid
14,invalid school code !
17,your chosen minimum salary is higher than your chosen maximum salary
4,contains taggedascd number
14,the card number is invalid
8,height not more than taggedascd cm
9,specify ideal weight between taggedascd and taggedascd
5,your username is only allowed to contain special character
14,mail box format is not correct
3,between taggedascd and taggedascd alphanumeric character
2,taggedascd letter maximum
4,"taggedascd lower case ,"
1,email length be minimum taggedascd
14,login error
14,please enter a valid expiration date
11,the number of word you entered has exceeded the limit !
10,your pasword is too short
18,the phone number you entered is too short for the country
18,phone number entered is too long for the country
5,your firstname must have number
5,your username is only allowed to contain letter and number
14,please enter a valid password
15,the password do not match
17,your chosen maximum salary is lower than your chosen minimum salary
18,the phone number you entered is too long for the country
12,date is too small
1,password must be at least taggedascd character long
6,your password not contain any space
7,your must be at least taggedascd year old
13,date is too big
4,please enter a taggedascd digit number
9,expiration year between taggedascd and taggedascd
4,atm card number should be taggedascd digit
6,password not taggedascd consecutive character
14,invalid code
1,your password needs to be at least taggedascd character long
2,text no more than taggedascd digit
1,minimum size is taggedascd letter
11,your username is a little long !
14,wrong entry !
7,you must be at least taggedascd year old to use dubsmash
18,phone number entered is too long for the country
8,height under taggedascd kilometer
7,need at least taggedascd point to reedem
14,please provide a valid zip code !
15,your social security number not match
10,your password is too short !
15,password and confirm password shoule be equal
17,your chosen maximum salary is lower than your chosen minimum salary
2,taggedascd digit maximum
12,father s or mother s age is too low
5,your username is only allowed to contain digit
16,account already exist
10,nickname is toot short
8,wattpad allow user under taggedascd year old
17,your chosen maximum salary is lower than your chosen minimum salary
16,the new code can not be consistent with the current code
1,your input password should be at least taggedascd or more character
13,your date of birth indicates you are too old to use this app
14,please enter valid email
1,your mobile telephone number must be at least taggedascd digit long
1,please use at least taggedascd character
13,date is too big
15,two password typed in are not same
14,unknown error
2,not more than taggedascd letter
7,us must be at least taggedascd year old
2,username within taggedascd letter
12,your date of birth indicates you are too young to use this app
14,this is not a valid email address
9,expiration month between taggedascd and taggedascd
2,taggedascd word limited
10,enter a longer password
12,your date of birth indicates you are too young to use this app
14,password wrong
7,you should be over taggerascd year old to continue
8,choice under taggedascd type
9,specify your ideal salary between taggedascd and taggedascd
9,week range taggedascd to taggedascd
14,password unavailable
7,you must be at least taggedascd year old to join hily
11,enter a shorter password
13,maximum age limit exceeded
16,this account has been taken
18,the phone number you entered is too short for the country
12,father s or mother s age is too low
2,input verify code should less than taggedascd character
14,e-mail address is not valid
7,"taggedascd , taggedascd or more year"
8,choice within taggedascd type
5,your user id must have upper case letter
4,taggedascd lower letter
14,that code not valid
15,your new password do not match
4,enter taggedascd digit code
2,max length of Text is taggedascd symbol
14,the number you provided not look right
2,password no more than taggedascd character
13,date is too big
14,postcode is invalid
2,title within taggedascd character
15,email confirmation and email do not match
2,password within taggedascd letter
13,the amount which you have specified exceed your limit
7,you need to be at least taggedascd year old
11,password exceed maximum requirement
7,"taggedascd , taggedascd or more year"
5,address must contain only letter
5,must have digit
18,Please make sure to enter a valid phone number for your selected region
14,password is too simple
6,no blank space
12,date is too small
2,maximum taggedascd number
16,this account has been taken
5,please include an @ in the email address ik is missing an @
11,last name entered too long
14,enter correct email
7,make sure you are over taggedascd
14,enter password text
14,please provide a correct email address
17,your chosen maximum salary is lower than your chosen minimum salary
7,child should be up to taggedascd year old
8,distance under taggedascd kilometer
6,field not left blank
17,your chosen maximum salary is lower than your chosen minimum salary
9,specify your ideal salary between taggedascd and taggedascd
1,nickname be taggedascd letter or above
2,taggedascd letter limited
17,your chosen maximum salary is lower than your chosen minimum salary
13,your date of birth indicates you are too old to use this app
17,your chosen maximum salary is lower than your chosen minimum salary
16,please input a new account
11,your message is a little long !
18,the phone number you entered is too short for the country
14,plase enter a valid phone number
9,day range taggedascd to taggedascd
9,size between taggedascd and taggedascd
9,month range is taggedascd to taggedascd
14,incorrect password
2,password length should be at most taggedascd
5,your password is only allowed to have certain accented character
14,invalid email address format
4,pin taggedascd character
14,this email address is invalid
11,username entered too long
2,choose postcode within taggedascd letter
15,repeat email address
14,your new password is not valid
3,use taggedascd - taggedascd character
13,maximum age limit exceeded
14,the given password is invalid
3,password taggedascd to taggedascd symbol
14,please enter valid phone no
5,your username is only allowed to contain lower case letter
10,your zipcode is too short !
14,bad login
14,the code you entered is incorrect
13,date is too big
6,excluding the country code
17,your chosen minimum salary is higher than your chosen maximum salary
13,your date of birth indicates you are too old to use this app
15,the medi-card code and date of birth do not match
4,taggedascd letter password
14,your confirm password is not valid
14,enter email format error
2,about taggedascd number limit
9,day range taggedascd to taggedascd
2,the telephone number less than taggedascd digit
7,"taggedascd , taggedascd or more year"
2,phone number taggedascd length limit
14,email invalid
9,specify your ideal weight between taggedascd and taggedascd
2,choose postcode within taggedascd character
14,the email address entered does not appear to be valid
7,you must be at least taggedascd year old to join hily
13,the amount which you have specified exceed your limit
10,please choose a longer nickname
10,password does not meet minimal requirement
2,nickname not more than taggedascd character
6,no use blank space in password
15,password and confirm password must be the same
6,please not use a whitespace in your username
11,password exceed maximum requirement
7,you must be at least taggedascd year of age
1,it should be longer than taggedascd character
14,please use the valid email address for signup
1,password length must more than taggedascd length
18,the phone you entered is too long for the country
17,your chosen maximum salary is lower than your chosen minimum salary
11,first name entered too long
15,no match
8,height under taggedascd centimeter
14,the phone number you provided is not valid
7,you must be at least taggedascd year old to use sugardaddymeet
11,username entered too long
10,that email address is too short
7,you need to be at least taggedascd year old
3,password use taggedascd - taggedascd digit
14,email must be a valid email address
13,date is too big
14,we not verify your code
5,use only character of the uppercase letter
14,there is a problem with provided email address
14,invalid phone number provided
3,taggedascd to taggedascd character
15,enter password again
14,pwd does not meet system requirement
8,height not more than taggedascd cm
4,enter last taggedascd phone number
6,it should not contain the same character taggedascd time in a row
11,postcode entered too long
6,not contain symbol or special character
9,age range taggedascd to taggedascd
14,login unsuccessful
2,no more than taggedascd digit
8,quantity taggedascd or less
1,at least taggedascd char
14,pleae enter valid card number
11,please choose a shorter username
1,your password must be a minimum of taggedascd character
3,input at least taggedascd and not more than taggedascd digit
9,age range is taggedascd to taggedascd
13,your date of birth indicates you are too old to use this app
18,phone number entered is too long for the country
14,pin you entered is incorrect
1,your password should be at least taggedascd character
14,please provide a valid email address
8,distance under taggedascd centimeter
11,your message is too long !
16,please input a new account
9,specify your ideal weight between taggedascd and taggedascd
10,username too short
5,your password must have special character
7,you must be taggedascd +
8,age less than taggedascd year old
4,pin taggedascd letter
5,the password should contain a combination of letter and number only
2,not more than taggedascd number
5,use only character of the alphabet
14,your email address is not valid
15,password mismatch
5,"your username should only contain letter , number , and"
5,include your country code if you not
2,less than taggedascd character
16,you have input an old passcode
14,invalid email
18,the phone number you entered is too short for the country
3,password length taggedascd - taggedascd character
8,quantity taggedascd or less
9,expiration year between taggedascd and taggedascd
16,account exist
14,please enter your date of Date
7,only allow user up to taggedascd
14,email is invalid
14,invalid format
6,username not special character
2,no more than taggedascd number
6,not use whitespace in username
1,at least taggedascd character
14,invalid path
10,username does not meet minimum requirement
3,enter taggedascd - taggedascd character password
11,your postcode is too long !
14,the pwd you provided is not secure enough
3,password using taggedascd - taggedascd character
17,your chosen maximum salary is lower than your chosen minimum salary
10,your message is a little short !
2,taggedascd number maximum
17,your chosen minimum salary is higher than your chosen maximum salary
12,father s or mother s age is too low
1,you must enter a password with a minimum of taggedascd character
13,date is too big
15,password provided are different
6,no space
7,quantity must be taggedascd or more
14,please supply a valid email address
4,post code taggedascd digit
4,last taggedascd digit ssn
10,card number is too short
18,Please make sure to enter a valid phone number for your selected region
14,username unavailable
11,please choose a shorter username
12,father s or mother s age is too low
10,password too short
14,you entered an invalid verification code
1,must be taggedascd or more character
14,invalid email !
13,your date of birth indicates you are too old to use this app
9,size between taggedascd and taggedascd
3,tag between taggedascd and taggedascd digit
3,password length between taggedascd and taggedascd character
9,age range is taggedascd to taggedascd
14,enter valid email
8,taggedascd or less lesson
8,choice under taggedascd kind
7,us must be at least taggedascd year old
17,your chosen minimum salary is higher than your chosen maximum salary
14,invalid login credential
6,password not contain taggedascd consecutive character
4,enter valid taggedascd digit number
10,the password you entered is too short
9,week range taggedascd to taggedascd
3,card number taggedascd to taggedascd digit
17,your chosen minimum salary is higher than your chosen maximum salary
6,this field not be left blank
10,your zipcode is too short !
4,enter taggedascd digit number
1,at least taggedascd letter
2,max length of Text is taggedascd symbol
5,your username is only allowed to have underscore
8,taggedascd or less lesson
11,your zipcode is too long !
14,enter a valid email
4,last name taggedascd character
9,year range taggedascd to taggedascd
15,your password does not match
1,the first password has to be at least taggedascd character long
1,at least taggedascd digit
18,the phone number you entered is too short for the country
1,enter at least taggedascd character
4,input valid account number taggedascd digit
16,please input another username
5,include your cc if you not
11,password exceed maximum requirement
5,contain only latin character and digit
14,look like something s not working right !
5,your lastname must have lower case letter
12,date is too small
14,invalid user id
5,please include an @ in the email address hh is missing an @
7,"taggedascd , taggedascd or more year"
7,height not more than taggedascd cm
8,distance under taggedascd kilometer
6,password not left blank
2,description taggedascd number limited
9,expiration day between taggedascd and taggedascd
13,date is too big
14,this cvv is invalid
1,taggedascd letter minimum
10,please choose a longer nickname
16,your account is already registered
3,password length must between taggedascd and taggedascd
5,nick may contain only letter or number
9,specify your height between taggedascd and taggedascd
10,too short password
4,please enter a valid taggedascd digit zip code
13,maximum age limit exceeded
15,the entered password do not match
3,password between taggedascd and taggedascd character long
10,your message is a little short !
6,address not contain taggedascd consecutive character
14,your login credential are invalid
1,minimum taggedascd
11,the number of character you entered has exceeded the limit !
16,account already exist
15,the two password do not match
9,day range taggedascd to taggedascd
9,expiration year must be between taggedascd and taggedascd !
1,at least taggedascd lowercase letter
13,date is too big
17,your chosen maximum salary is lower than your chosen minimum salary
1,at least taggedascd number
6,username must not contain any special character
12,date is too small
16,the new password can not be consistent with the current password
8,distance under taggedascd meter
4,zip code taggedascd digit
2,postal not more than taggedascd digit
14,not a valid number
9,day range taggedascd to taggedascd
4,confirmation code has taggedascd letter
6,no use blank space in password
3,choose password taggedascd to taggedascd digit
6,card number or card pin no space
5,"the username may only contain letter , number , underscores and dash"
4,taggedascd digit suffix
7,you must be at least taggedascd year old to use dubsmash
9,expiration year between taggedascd and taggedascd
3,enter username between taggedascd - taggedascd character
17,your chosen maximum salary is lower than your chosen minimum salary
2,password less than taggedascd character
4,taggedascd lowercase character
14,postal code has the wrong format
16,please input a new account
6,password not sepcial character
4,password must contain taggedascd character
10,that email address is too short
18,the phone you entered is too long for the country
7,make sure you are over taggedascd
10,your headline is too short
11,maximum character limit exceeded
5,nick may contain only letter or number
7,need at least taggedascd point to reedem
3,enter password taggedascd - taggedascd character
2,max length of Text is taggedascd symbol
18,the phone number you entered is too long for the country
17,your chosen maximum salary is lower than your chosen minimum salary
2,address within taggedascd letter
10,that email address is too short
3,last name must be between taggedascd and taggedascd character
1,at least taggedascd numerical digit
11,zip code entered too long
4,taggedascd letter username
14,the password you provided is not secure enough
8,distance under taggedascd meter
4,zip code must be taggedascd digit
14,enter proper email id
6,username not space
10,nickname is toot short
5,your credit card must be all digit
14,invalid expiration date
1,make sure it s taggedascd character or more
14,mobile number is not a valid length
10,too short password
1,at least taggedascd upper case letter
10,enter a longer password
10,that email address is too short
14,valid email address required
14,valid email required
8,height not more than taggedascd cm
2,no more than taggedascd letter
5,contains character
10,your message is a little short !
14,email address must be in a valid email format
7,your must be at least taggedascd year old
5,"use only a-z , taggedascd"
14,phone number is of invalid format
4,enter valid account number taggedascd digit
10,your headline is too short
5,only use special character
10,password too short
11,post code entered too long
16,account already exist with provided phone number
11,postcode entered too long
5,your username is only allowed to contain lower case character
15,the two password you typed not match
11,please shorten it
14,invalid postal code
16,the new code can not be consistent with the current code
7,you must be at least taggedascd year old to use sugardaddymeet
14,emailis not a valid email address
3,choose username taggedascd to taggedascd digit
5,only use upper case letter
4,contains taggedascd letter
5,only use uppercase character
4,first name taggedascd character
18,Please make sure to enter a valid phone number for your selected region
17,your chosen minimum salary is higher than your chosen maximum salary
2,taggedascd length maximum
14,a valid email address is required
8,selection under taggedascd type
8,taggedascd or less chapter
2,postcode within taggedascd character
1,minimum length for password is taggedascd
13,maximum age limit exceeded
14,invalid e-mail format
16,you have entered a already exist account
16,your account is already registered
14,username invalid
14,the email for password you entered is not correct
9,size between taggedascd and taggedascd
3,enter between taggedascd and taggedascd character
11,the number of word you entered has exceeded the limit !
13,date is too big
7,you must be at least taggedascd year old to join hily
18,the phone number you entered is too short for the country
12,father s or mother s age is too low
2,maximum taggedascd letter
7,you must be taggedascd +
16,the new code can not be consistent with the current code
5,character is needed in password
18,the phone number you entered is too long for the country
9,year range taggedascd to taggedascd
10,password does not meet minimum requirement
14,invalid password
13,maximum age limit exceeded
13,your date of birth indicates you are too old to use this app
10,your username is a little short !
9,month range is taggedascd to taggedascd
9,delivery distance between taggedascd and taggedascd
9,day range taggedascd to taggedascd
14,entered phone number is not correct
11,your message is too long !
3,choose a password with taggedascd to taggedascd character
10,your username is a little short !
9,specify your ideal weight between taggedascd and taggedascd
13,your date of birth indicates you are too old to use this app
4,taggedascd lowercase case
8,wattpad allow user under taggedascd year old
11,enter a shorter password
2,zip not more than taggedascd digit
7,expiration date must be at least taggedascd day from today
11,your message is a little long !
5,your credit card must be all number
10,username is too short
3,your password should be between taggedascd and taggedascd character
13,your date of birth indicates you are too old to use this app
15,password does not match the confirm password
18,the phone number you entered is too long for the country
10,your message is too short !
10,username too short
2,zip code within taggedascd character
14,postcode error
6,have no space or punctuation
16,the new code can not be consistent with the current code
11,your postcode is too long !
16,you have input an old passcode
3,password must be taggedascd to taggedascd character
2,at most taggedascd character
13,date is too big
15,password and confirm password are not same
18,the phone number you entered is too long for the country
2,fill postcode within taggedascd character
9,specify your ideal weight between taggedascd and taggedascd
14,enter valid zipcode
14,invalid mobile number
18,Please make sure to enter a valid phone number for your selected region
6,password not sepcial letter
7,you must be taggedascd +
7,child should be up to taggedascd year old
18,the phone number you entered is too short for the country
13,the amount which you have specified exceed your limit
6,ssn no space or dash
11,post code entered too long
12,your date of birth indicates you are too young to use this app
14,the email entered is invalid
16,account already registered
12,date is too small
4,contains taggedascd digit
14,invalid username
14,failed loggng in
13,the amount which you have specified exceed your limit
3,password between taggedascd - taggedascd character
4,please enter a taggedascd letter name
3,username must be taggedascd - taggedascd character
11,your username is a little long !
12,father s or mother s age is too low
16,the new password can not be consistent with the current password
9,specify weight between taggedascd and taggedascd
14,please enter a valid student email address
14,a valid shipping zip code is required
9,specify your age between taggedascd and taggedascd
18,Please make sure to enter a valid phone number for your selected region
10,please use a longer one
2,confirm your zip less than taggedascd character
17,your chosen maximum salary is lower than your chosen minimum salary
16,account already in use
16,account already in use
14,promo code is not a valid
6,password no sepcial character
12,date is too small
18,the phone number you entered is too short for the country
4,enter a valid account number taggedascd digit
15,repeat email address
10,username does not meet minimum requirement
4,input taggedascd digit phone number
12,father s or mother s age is too low
7,you must be at least taggedascd year old to use sugardaddymeet
17,your chosen minimum salary is higher than your chosen maximum salary
6,not use blank space in password
14,you do not meet the required age to create a ubisoft account
4,username must contain taggedascd character
2,postal code within taggedascd character
5,contains only special letter
17,your chosen maximum salary is lower than your chosen minimum salary
12,you are too young to use this app
1,password has to be at least taggedascd symbol !
2,the card number less than taggedascd digit
16,your account is already registered
7,your must be at least taggedascd year old
3,the card number must be taggedascd to taggedascd digit in length
4,last taggedascd of phone
10,username does not meet minimal requirement
14,the email confirmation field is not a valid e-mail address
5,should have digit
3,your password should contain between taggedascd and taggedascd character
9,specify weight between taggedascd and taggedascd
7,only allow user up to taggedascd
3,must be taggedascd - taggedascd character
14,the code that you entered was invalid
17,your chosen minimum salary is higher than your chosen maximum salary
6,excluding the country code
6,first name not special character
17,your chosen maximum salary is lower than your chosen minimum salary
7,child should be up to taggedascd year old
11,your entry for the about field is too long
16,please input a new account
18,the phone you entered is too long for the country
4,you can also enter taggedascd word
10,your message is too short !
15,your account number not match
7,height not more than taggedascd cm
14,please provide a valid birthday date
14,invalid credential
10,too short
18,Please make sure to enter a valid phone number for your selected region
14,please enter a valid last name
14,please try using a stronger password
7,you must be at least taggedascd year old to join hily
1,at least taggedascd lower case letter
13,your date of birth indicates you are too old to use this app
17,your chosen maximum salary is lower than your chosen minimum salary
14,invalid otp
3,the password must have between taggedascd and taggedascd character
6,address not start with numbering
13,maximum age limit exceeded
10,password too short
18,Please make sure to enter a valid phone number for your selected region
17,your chosen maximum salary is lower than your chosen minimum salary
6,no whitespaces
5,last name can only include latin letter
10,too short
4,must have taggedascd digit
16,account already in use
14,please enter a valid zipcode
2,taggedascd number limit
14,some character are not valid
13,the amount which you have specified exceed your limit
14,mobile number required
18,the phone number you entered is too short for the country
18,the phone number you entered is too long for the country
18,the phone you entered is too long for the country
4,enter taggedascd digit cvv
12,you are too young to use this app
3,input city between taggedascd - taggedascd character only
6,first name must not contain any special character
5,contains digit
14,"sorry , this not look like a valid email"
18,phone number entered is too long for the country
18,phone number entered is too long for the country
2,confirm your code less than taggedascd character
7,you should be over taggerascd year old to continue
5,include your area code if you not
5,your username is only allowed to contain lowercase letter
13,maximum age limit exceeded
11,maximum letter limit exceeded
2,passcode less than taggedascd character
7,you should be over taggerascd year old to continue
6,password not contain sepcial letter
4,phone number must be of taggedascd digit !
3,user id between taggedascd to taggedascd digit
7,make sure you are over taggedascd
17,your chosen minimum salary is higher than your chosen maximum salary
6,password no sepcial letter
18,phone number entered is too long for the country
16,account already exist with provided phone number
1,Password must contain atleast taggedascd character
8,your age should under taggedascd year old
7,us must be at least taggedascd year old
11,your verify code is too long !
18,phone number entered is too long for the country
7,child should be up to taggedascd year old
1,name must contain atleast taggedascd character
5,destination must contain only letter
14,the activation key you entered is invalid
10,password does not meet minimum requirement
5,your username is only allowed to contain lowercase character
14,not look like email
3,username between taggedascd and taggedascd character long
4,enter taggedascd digit phone number
3,username between taggedascd and taggedascd digit long
3,email should be between taggedascd and taggedascd character
14,invalid birthdate
5,"username must only contain letter , number , and hyphen"
10,your password is too short !
14,e-mail format is not correct
7,expiration date must be at least taggedascd day from today
4,taggedascd upper letter
3,please input taggedascd - taggedascd character password
12,date is too small
14,password is too common
4,enter last taggedascd digit of ssn
14,bad pincode format
16,account exist
8,should be younger than taggedascd year old
11,your verify code is too long !
11,please choose a shorter username
2,maximum taggedascd digit
14,email address format is invalid
3,password length should be between taggedascd - taggedascd character
8,height under taggedascd centimeter
9,specify your weight between taggedascd and taggedascd
13,maximum age limit exceeded
12,your date of birth indicates you are too young to use this app
5,the zip only contains digit
4,taggedascd digit prefix
18,the phone number you entered is too long for the country
11,your zipcode is too long !
7,make sure you are over taggedascd
13,maximum age limit exceeded
1,first name must be at least taggedascd character long
18,phone number entered is too long for the country
9,salary between taggedascd and taggedascd
10,your username is a little short !
6,password not contain taggedascd consecutive character
1,password must be taggedascd or more character
8,choice within taggedascd type
17,your chosen minimum salary is higher than your chosen maximum salary
13,maximum age limit exceeded
1,please choose a password that is at least taggedascd character long
16,account already exist with provided phone number
12,father s or mother s age is too low
8,age smaller than taggedascd is acceptable
15,no matching company name found
12,you are too young to use this app
10,username too short
7,you must be at least taggedascd year of age
13,date is too big
11,zip entered too long
16,this username already taken
8,should be younger than taggedascd year old
6,last name not special character
8,age should not bigger than taggedascd
15,password and its confirmation do not match
13,the amount which you have specified exceed your limit
8,child less than taggedascd year old
4,contains taggedascd character
2,last name taggedascd character limited
9,specify your age between taggedascd and taggedascd
1,"taggedascd , taggedascd or more character"
8,height under taggedascd meter
11,your message is a little long !
1,not less than taggedascd number
9,year range taggedascd to taggedascd
10,password does not meet minimal requirement
6,excluding the year
18,phone number entered is too long for the country
14,jii invalid email address
9,expiration month must be between taggedascd and taggedascd !
18,the phone number you entered is too long for the country
9,expiration day between taggedascd and taggedascd
10,nickname is toot short
16,you have input an old passcode
10,your verify code is too short !
14,insert a valid e-mail address
15,please confirm that your password match
16,this account has been taken
1,password requires at least taggedascd number
13,maximum age limit exceeded
11,your username is a little long !
10,too short
14,not a valid periscope url
2,fill postcode within taggedascd letter
5,the code only contains number
17,your chosen minimum salary is higher than your chosen maximum salary
10,please choose a longer username
3,between taggedascd to taggedascd digit
14,login failed
17,your chosen minimum salary is higher than your chosen maximum salary
14,this filed is required
4,enter taggedascd digit password
14,qq is not valid
4,must be taggedascd character !
7,you must be taggedascd +
9,expiration month must be between taggedascd and taggedascd !
2,taggedascd or less word
14,please use a valid email address
7,you must be at least taggedascd year of age
16,please input another username
13,the amount which you have specified exceed your limit
16,account already in use
8,height under taggedascd meter
11,your username is a little long !
12,you are too young to use this app
16,input a different email
16,your account is already registered
5,the code only contains letter
3,have taggedascd - taggedascd character
1,the username must contain taggedascd character or more
1,your name must be at least taggedascd character
1,your password must have at least taggedascd character
11,your text is a little long !
9,month range is taggedascd to taggedascd
14,that not sound right
17,your chosen minimum salary is higher than your chosen maximum salary
8,choice under taggedascd type
15,those password not match
13,maximum age limit exceeded
5,username must contain character
2,password not more than taggedascd character
5,nick name may contain only letter or number
6,last name must not contain any special character
11,password entered too long
18,the phone you entered is too long for the country
2,first name taggedascd letter limited
3,taggedascd - taggedascd bit number
14,the code entered is not valid
7,you must be at least taggedascd year old to use dubsmash
3,password between taggedascd - taggedascd digit
14,email field does not validate
14,not a valid email
18,phone number entered is too long for the country
18,the phone number you entered is too long for the country
1,taggedascd digit minimum
1,must be taggedascd character or more
15,password did not match
14,please enter a valid credit card number
2,address within taggedascd character
